file,status,max_abs_diff,n_diff,detail
mi_sim_biv_a_acml_100001.csv,different_numeric_values,2.840436280829861e-4,45,"numeric columns compared: X1, X2, X3, X4, X5, X6, X7, X8, X9, X10, X11, X12, X13, X14, X15, X16, X17, X18"
mi_sim_biv_a_acml_100002.csv,different_numeric_values,1.1470415680503443e-4,54,"numeric columns compared: X1, X2, X3, X4, X5, X6, X7, X8, X9, X10, X11, X12, X13, X14, X15, X16, X17, X18"
mi_sim_biv_a_acml_100003.csv,different_numeric_values,2.3172539528804048e-4,53,"numeric columns compared: X1, X2, X3, X4, X5, X6, X7, X8, X9, X10, X11, X12, X13, X14, X15, X16, X17, X18"
mi_sim_biv_a_acml_100004.csv,different_numeric_values,1.6857508636203278e-4,54,"numeric columns compared: X1, X2, X3, X4, X5, X6, X7, X8, X9, X10, X11, X12, X13, X14, X15, X16, X17, X18"
mi_sim_biv_a_acml_100005.csv,different_numeric_values,3.078887530199026e-4,45,"numeric columns compared: X1, X2, X3, X4, X5, X6, X7, X8, X9, X10, X11, X12, X13, X14, X15, X16, X17, X18"
mi_sim_biv_a_acml_100006.csv,different_numeric_values,2.2745853876998678e-4,45,"numeric columns compared: X1, X2, X3, X4, X5, X6, X7, X8, X9, X10, X11, X12, X13, X14, X15, X16, X17, X18"
mi_sim_biv_a_acml_100007.csv,different_numeric_values,2.2824418756201004e-4,45,"numeric columns compared: X1, X2, X3, X4, X5, X6, X7, X8, X9, X10, X11, X12, X13, X14, X15, X16, X17, X18"
mi_sim_biv_a_acml_100008.csv,different_numeric_values,1.1583307476498161e-4,45,"numeric columns compared: X1, X2, X3, X4, X5, X6, X7, X8, X9, X10, X11, X12, X13, X14, X15, X16, X17, X18"
mi_sim_biv_a_acml_100009.csv,different_numeric_values,2.5893243508101627e-4,45,"numeric columns compared: X1, X2, X3, X4, X5, X6, X7, X8, X9, X10, X11, X12, X13, X14, X15, X16, X17, X18"
mi_sim_biv_a_acml_100010.csv,different_numeric_values,1.15649714437005e-4,45,"numeric columns compared: X1, X2, X3, X4, X5, X6, X7, X8, X9, X10, X11, X12, X13, X14, X15, X16, X17, X18"
mi_sim_biv_a_acml_100011.csv,different_numeric_values,1.5583363489796165e-4,45,"numeric columns compared: X1, X2, X3, X4, X5, X6, X7, X8, X9, X10, X11, X12, X13, X14, X15, X16, X17, X18"
mi_sim_biv_a_acml_100012.csv,different_numeric_values,1.1475785789200055e-4,45,"numeric columns compared: X1, X2, X3, X4, X5, X6, X7, X8, X9, X10, X11, X12, X13, X14, X15, X16, X17, X18"
mi_sim_biv_a_acml_100013.csv,different_numeric_values,1.2217839861500268e-4,46,"numeric columns compared: X1, X2, X3, X4, X5, X6, X7, X8, X9, X10, X11, X12, X13, X14, X15, X16, X17, X18"
mi_sim_biv_a_acml_100014.csv,different_numeric_values,1.397673460369897e-4,45,"numeric columns compared: X1, X2, X3, X4, X5, X6, X7, X8, X9, X10, X11, X12, X13, X14, X15, X16, X17, X18"
mi_sim_biv_a_acml_100015.csv,different_numeric_values,1.2065894953000589e-4,45,"numeric columns compared: X1, X2, X3, X4, X5, X6, X7, X8, X9, X10, X11, X12, X13, X14, X15, X16, X17, X18"
mi_sim_biv_a_acml_100016.csv,different_numeric_values,2.0769161981204487e-4,45,"numeric columns compared: X1, X2, X3, X4, X5, X6, X7, X8, X9, X10, X11, X12, X13, X14, X15, X16, X17, X18"
mi_sim_biv_a_acml_100017.csv,different_numeric_values,1.3286268871093299e-4,45,"numeric columns compared: X1, X2, X3, X4, X5, X6, X7, X8, X9, X10, X11, X12, X13, X14, X15, X16, X17, X18"
mi_sim_biv_a_acml_100018.csv,different_numeric_values,1.3414513907195058e-4,53,"numeric columns compared: X1, X2, X3, X4, X5, X6, X7, X8, X9, X10, X11, X12, X13, X14, X15, X16, X17, X18"
mi_sim_biv_a_acml_100019.csv,different_numeric_values,1.0525434216301921e-4,45,"numeric columns compared: X1, X2, X3, X4, X5, X6, X7, X8, X9, X10, X11, X12, X13, X14, X15, X16, X17, X18"
mi_sim_biv_a_acml_100020.csv,different_numeric_values,1.6583161814998082e-4,45,"numeric columns compared: X1, X2, X3, X4, X5, X6, X7, X8, X9, X10, X11, X12, X13, X14, X15, X16, X17, X18"
mi_acml_long_summary_data_a.csv,only_in_old_folder,NA,NA,NA
mi_acml_summary_table_a.csv,only_in_old_folder,NA,NA,NA
mi_acml_summary_table_wide_a.csv,only_in_old_folder,NA,NA,NA
mi_sim_biv_a_acml_100021.csv,only_in_old_folder,NA,NA,NA
mi_sim_biv_a_acml_100022.csv,only_in_old_folder,NA,NA,NA
mi_sim_biv_a_acml_100023.csv,only_in_old_folder,NA,NA,NA
mi_sim_biv_a_acml_100024.csv,only_in_old_folder,NA,NA,NA
mi_sim_biv_a_acml_100025.csv,only_in_old_folder,NA,NA,NA
mi_sim_biv_a_acml_100026.csv,only_in_old_folder,NA,NA,NA
mi_sim_biv_a_acml_100027.csv,only_in_old_folder,NA,NA,NA
mi_sim_biv_a_acml_100028.csv,only_in_old_folder,NA,NA,NA
mi_sim_biv_a_acml_100029.csv,only_in_old_folder,NA,NA,NA
mi_sim_biv_a_acml_100030.csv,only_in_old_folder,NA,NA,NA
mi_sim_biv_a_acml_100031.csv,only_in_old_folder,NA,NA,NA
mi_sim_biv_a_acml_100032.csv,only_in_old_folder,NA,NA,NA
mi_sim_biv_a_acml_100033.csv,only_in_old_folder,NA,NA,NA
mi_sim_biv_a_acml_100034.csv,only_in_old_folder,NA,NA,NA
mi_sim_biv_a_acml_100035.csv,only_in_old_folder,NA,NA,NA
mi_sim_biv_a_acml_100036.csv,only_in_old_folder,NA,NA,NA
mi_sim_biv_a_acml_100037.csv,only_in_old_folder,NA,NA,NA
mi_sim_biv_a_acml_100038.csv,only_in_old_folder,NA,NA,NA
mi_sim_biv_a_acml_100039.csv,only_in_old_folder,NA,NA,NA
mi_sim_biv_a_acml_100040.csv,only_in_old_folder,NA,NA,NA
mi_sim_biv_a_acml_100041.csv,only_in_old_folder,NA,NA,NA
mi_sim_biv_a_acml_100042.csv,only_in_old_folder,NA,NA,NA
mi_sim_biv_a_acml_100043.csv,only_in_old_folder,NA,NA,NA
mi_sim_biv_a_acml_100044.csv,only_in_old_folder,NA,NA,NA
mi_sim_biv_a_acml_100045.csv,only_in_old_folder,NA,NA,NA
mi_sim_biv_a_acml_100046.csv,only_in_old_folder,NA,NA,NA
mi_sim_biv_a_acml_100047.csv,only_in_old_folder,NA,NA,NA
mi_sim_biv_a_acml_100048.csv,only_in_old_folder,NA,NA,NA
mi_sim_biv_a_acml_100049.csv,only_in_old_folder,NA,NA,NA
mi_sim_biv_a_acml_100050.csv,only_in_old_folder,NA,NA,NA
mi_sim_biv_a_acml_100051.csv,only_in_old_folder,NA,NA,NA
mi_sim_biv_a_acml_100052.csv,only_in_old_folder,NA,NA,NA
mi_sim_biv_a_acml_100053.csv,only_in_old_folder,NA,NA,NA
mi_sim_biv_a_acml_100054.csv,only_in_old_folder,NA,NA,NA
mi_sim_biv_a_acml_100055.csv,only_in_old_folder,NA,NA,NA
mi_sim_biv_a_acml_100056.csv,only_in_old_folder,NA,NA,NA
mi_sim_biv_a_acml_100057.csv,only_in_old_folder,NA,NA,NA
mi_sim_biv_a_acml_100058.csv,only_in_old_folder,NA,NA,NA
mi_sim_biv_a_acml_100059.csv,only_in_old_folder,NA,NA,NA
mi_sim_biv_a_acml_100060.csv,only_in_old_folder,NA,NA,NA
mi_sim_biv_a_acml_100061.csv,only_in_old_folder,NA,NA,NA
mi_sim_biv_a_acml_100062.csv,only_in_old_folder,NA,NA,NA
mi_sim_biv_a_acml_100063.csv,only_in_old_folder,NA,NA,NA
mi_sim_biv_a_acml_100064.csv,only_in_old_folder,NA,NA,NA
mi_sim_biv_a_acml_100065.csv,only_in_old_folder,NA,NA,NA
mi_sim_biv_a_acml_100066.csv,only_in_old_folder,NA,NA,NA
mi_sim_biv_a_acml_100067.csv,only_in_old_folder,NA,NA,NA
mi_sim_biv_a_acml_100068.csv,only_in_old_folder,NA,NA,NA
mi_sim_biv_a_acml_100069.csv,only_in_old_folder,NA,NA,NA
mi_sim_biv_a_acml_100070.csv,only_in_old_folder,NA,NA,NA
mi_sim_biv_a_acml_100071.csv,only_in_old_folder,NA,NA,NA
mi_sim_biv_a_acml_100072.csv,only_in_old_folder,NA,NA,NA
mi_sim_biv_a_acml_100073.csv,only_in_old_folder,NA,NA,NA
mi_sim_biv_a_acml_100074.csv,only_in_old_folder,NA,NA,NA
mi_sim_biv_a_acml_100075.csv,only_in_old_folder,NA,NA,NA
mi_sim_biv_a_acml_100076.csv,only_in_old_folder,NA,NA,NA
mi_sim_biv_a_acml_100077.csv,only_in_old_folder,NA,NA,NA
mi_sim_biv_a_acml_100078.csv,only_in_old_folder,NA,NA,NA
mi_sim_biv_a_acml_100079.csv,only_in_old_folder,NA,NA,NA
mi_sim_biv_a_acml_100080.csv,only_in_old_folder,NA,NA,NA
mi_sim_biv_a_acml_100081.csv,only_in_old_folder,NA,NA,NA
mi_sim_biv_a_acml_100082.csv,only_in_old_folder,NA,NA,NA
mi_sim_biv_a_acml_100083.csv,only_in_old_folder,NA,NA,NA
mi_sim_biv_a_acml_100084.csv,only_in_old_folder,NA,NA,NA
mi_sim_biv_a_acml_100085.csv,only_in_old_folder,NA,NA,NA
mi_sim_biv_a_acml_100086.csv,only_in_old_folder,NA,NA,NA
mi_sim_biv_a_acml_100087.csv,only_in_old_folder,NA,NA,NA
mi_sim_biv_a_acml_100088.csv,only_in_old_folder,NA,NA,NA
mi_sim_biv_a_acml_100089.csv,only_in_old_folder,NA,NA,NA
mi_sim_biv_a_acml_100090.csv,only_in_old_folder,NA,NA,NA
mi_sim_biv_a_acml_100091.csv,only_in_old_folder,NA,NA,NA
mi_sim_biv_a_acml_100092.csv,only_in_old_folder,NA,NA,NA
mi_sim_biv_a_acml_100093.csv,only_in_old_folder,NA,NA,NA
mi_sim_biv_a_acml_100094.csv,only_in_old_folder,NA,NA,NA
mi_sim_biv_a_acml_100095.csv,only_in_old_folder,NA,NA,NA
mi_sim_biv_a_acml_100096.csv,only_in_old_folder,NA,NA,NA
mi_sim_biv_a_acml_100097.csv,only_in_old_folder,NA,NA,NA
mi_sim_biv_a_acml_100098.csv,only_in_old_folder,NA,NA,NA
mi_sim_biv_a_acml_100099.csv,only_in_old_folder,NA,NA,NA
mi_sim_biv_a_acml_100100.csv,only_in_old_folder,NA,NA,NA
mi_sim_biv_a_acml_100101.csv,only_in_old_folder,NA,NA,NA
mi_sim_biv_a_acml_100102.csv,only_in_old_folder,NA,NA,NA
mi_sim_biv_a_acml_100103.csv,only_in_old_folder,NA,NA,NA
mi_sim_biv_a_acml_100104.csv,only_in_old_folder,NA,NA,NA
mi_sim_biv_a_acml_100105.csv,only_in_old_folder,NA,NA,NA
mi_sim_biv_a_acml_100106.csv,only_in_old_folder,NA,NA,NA
mi_sim_biv_a_acml_100108.csv,only_in_old_folder,NA,NA,NA
mi_sim_biv_a_acml_100109.csv,only_in_old_folder,NA,NA,NA
mi_sim_biv_a_acml_100110.csv,only_in_old_folder,NA,NA,NA
mi_sim_biv_a_acml_100111.csv,only_in_old_folder,NA,NA,NA
mi_sim_biv_a_acml_100112.csv,only_in_old_folder,NA,NA,NA
mi_sim_biv_a_acml_100113.csv,only_in_old_folder,NA,NA,NA
mi_sim_biv_a_acml_100114.csv,only_in_old_folder,NA,NA,NA
mi_sim_biv_a_acml_100115.csv,only_in_old_folder,NA,NA,NA
mi_sim_biv_a_acml_100116.csv,only_in_old_folder,NA,NA,NA
mi_sim_biv_a_acml_100117.csv,only_in_old_folder,NA,NA,NA
mi_sim_biv_a_acml_100118.csv,only_in_old_folder,NA,NA,NA
mi_sim_biv_a_acml_100119.csv,only_in_old_folder,NA,NA,NA
mi_sim_biv_a_acml_100120.csv,only_in_old_folder,NA,NA,NA
mi_sim_biv_a_acml_100121.csv,only_in_old_folder,NA,NA,NA
mi_sim_biv_a_acml_100122.csv,only_in_old_folder,NA,NA,NA
mi_sim_biv_a_acml_100123.csv,only_in_old_folder,NA,NA,NA
mi_sim_biv_a_acml_100124.csv,only_in_old_folder,NA,NA,NA
mi_sim_biv_a_acml_100125.csv,only_in_old_folder,NA,NA,NA
mi_sim_biv_a_acml_100126.csv,only_in_old_folder,NA,NA,NA
mi_sim_biv_a_acml_100127.csv,only_in_old_folder,NA,NA,NA
mi_sim_biv_a_acml_100128.csv,only_in_old_folder,NA,NA,NA
mi_sim_biv_a_acml_100129.csv,only_in_old_folder,NA,NA,NA
mi_sim_biv_a_acml_100130.csv,only_in_old_folder,NA,NA,NA
mi_sim_biv_a_acml_100131.csv,only_in_old_folder,NA,NA,NA
mi_sim_biv_a_acml_100132.csv,only_in_old_folder,NA,NA,NA
mi_sim_biv_a_acml_100133.csv,only_in_old_folder,NA,NA,NA
mi_sim_biv_a_acml_100134.csv,only_in_old_folder,NA,NA,NA
mi_sim_biv_a_acml_100135.csv,only_in_old_folder,NA,NA,NA
mi_sim_biv_a_acml_100136.csv,only_in_old_folder,NA,NA,NA
mi_sim_biv_a_acml_100137.csv,only_in_old_folder,NA,NA,NA
mi_sim_biv_a_acml_100138.csv,only_in_old_folder,NA,NA,NA
mi_sim_biv_a_acml_100139.csv,only_in_old_folder,NA,NA,NA
mi_sim_biv_a_acml_100140.csv,only_in_old_folder,NA,NA,NA
mi_sim_biv_a_acml_100141.csv,only_in_old_folder,NA,NA,NA
mi_sim_biv_a_acml_100142.csv,only_in_old_folder,NA,NA,NA
mi_sim_biv_a_acml_100143.csv,only_in_old_folder,NA,NA,NA
mi_sim_biv_a_acml_100144.csv,only_in_old_folder,NA,NA,NA
mi_sim_biv_a_acml_100145.csv,only_in_old_folder,NA,NA,NA
mi_sim_biv_a_acml_100146.csv,only_in_old_folder,NA,NA,NA
mi_sim_biv_a_acml_100147.csv,only_in_old_folder,NA,NA,NA
mi_sim_biv_a_acml_100148.csv,only_in_old_folder,NA,NA,NA
mi_sim_biv_a_acml_100149.csv,only_in_old_folder,NA,NA,NA
mi_sim_biv_a_acml_100150.csv,only_in_old_folder,NA,NA,NA
mi_sim_biv_a_acml_100152.csv,only_in_old_folder,NA,NA,NA
mi_sim_biv_a_acml_100153.csv,only_in_old_folder,NA,NA,NA
mi_sim_biv_a_acml_100154.csv,only_in_old_folder,NA,NA,NA
mi_sim_biv_a_acml_100155.csv,only_in_old_folder,NA,NA,NA
mi_sim_biv_a_acml_100156.csv,only_in_old_folder,NA,NA,NA
mi_sim_biv_a_acml_100157.csv,only_in_old_folder,NA,NA,NA
mi_sim_biv_a_acml_100160.csv,only_in_old_folder,NA,NA,NA
mi_sim_biv_a_acml_100161.csv,only_in_old_folder,NA,NA,NA
mi_sim_biv_a_acml_100162.csv,only_in_old_folder,NA,NA,NA
mi_sim_biv_a_acml_100163.csv,only_in_old_folder,NA,NA,NA
mi_sim_biv_a_acml_100164.csv,only_in_old_folder,NA,NA,NA
mi_sim_biv_a_acml_100165.csv,only_in_old_folder,NA,NA,NA
mi_sim_biv_a_acml_100166.csv,only_in_old_folder,NA,NA,NA
mi_sim_biv_a_acml_100167.csv,only_in_old_folder,NA,NA,NA
mi_sim_biv_a_acml_100168.csv,only_in_old_folder,NA,NA,NA
mi_sim_biv_a_acml_100169.csv,only_in_old_folder,NA,NA,NA
mi_sim_biv_a_acml_100170.csv,only_in_old_folder,NA,NA,NA
mi_sim_biv_a_acml_100171.csv,only_in_old_folder,NA,NA,NA
mi_sim_biv_a_acml_100172.csv,only_in_old_folder,NA,NA,NA
mi_sim_biv_a_acml_100173.csv,only_in_old_folder,NA,NA,NA
mi_sim_biv_a_acml_100176.csv,only_in_old_folder,NA,NA,NA
mi_sim_biv_a_acml_100177.csv,only_in_old_folder,NA,NA,NA
mi_sim_biv_a_acml_100178.csv,only_in_old_folder,NA,NA,NA
mi_sim_biv_a_acml_100181.csv,only_in_old_folder,NA,NA,NA
mi_sim_biv_a_acml_100182.csv,only_in_old_folder,NA,NA,NA
mi_sim_biv_a_acml_100183.csv,only_in_old_folder,NA,NA,NA
mi_sim_biv_a_acml_100184.csv,only_in_old_folder,NA,NA,NA
mi_sim_biv_a_acml_100185.csv,only_in_old_folder,NA,NA,NA
mi_sim_biv_a_acml_100186.csv,only_in_old_folder,NA,NA,NA
mi_sim_biv_a_acml_100189.csv,only_in_old_folder,NA,NA,NA
mi_sim_biv_a_acml_100190.csv,only_in_old_folder,NA,NA,NA
mi_sim_biv_a_acml_100191.csv,only_in_old_folder,NA,NA,NA
mi_sim_biv_a_acml_100192.csv,only_in_old_folder,NA,NA,NA
mi_sim_biv_a_acml_100193.csv,only_in_old_folder,NA,NA,NA
mi_sim_biv_a_acml_100194.csv,only_in_old_folder,NA,NA,NA
mi_sim_biv_a_acml_100195.csv,only_in_old_folder,NA,NA,NA
mi_sim_biv_a_acml_100196.csv,only_in_old_folder,NA,NA,NA
mi_sim_biv_a_acml_100197.csv,only_in_old_folder,NA,NA,NA
mi_sim_biv_a_acml_100198.csv,only_in_old_folder,NA,NA,NA
mi_sim_biv_a_acml_100199.csv,only_in_old_folder,NA,NA,NA
mi_sim_biv_a_acml_100200.csv,only_in_old_folder,NA,NA,NA
mi_sim_biv_a_acml_100201.csv,only_in_old_folder,NA,NA,NA
mi_sim_biv_a_acml_100202.csv,only_in_old_folder,NA,NA,NA
mi_sim_biv_a_acml_100203.csv,only_in_old_folder,NA,NA,NA
mi_sim_biv_a_acml_100204.csv,only_in_old_folder,NA,NA,NA
mi_sim_biv_a_acml_100205.csv,only_in_old_folder,NA,NA,NA
mi_sim_biv_a_acml_100206.csv,only_in_old_folder,NA,NA,NA
mi_sim_biv_a_acml_100207.csv,only_in_old_folder,NA,NA,NA
mi_sim_biv_a_acml_100208.csv,only_in_old_folder,NA,NA,NA
mi_sim_biv_a_acml_100209.csv,only_in_old_folder,NA,NA,NA
mi_sim_biv_a_acml_100210.csv,only_in_old_folder,NA,NA,NA
mi_sim_biv_a_acml_100211.csv,only_in_old_folder,NA,NA,NA
mi_sim_biv_a_acml_100212.csv,only_in_old_folder,NA,NA,NA
mi_sim_biv_a_acml_100213.csv,only_in_old_folder,NA,NA,NA
mi_sim_biv_a_acml_100214.csv,only_in_old_folder,NA,NA,NA
mi_sim_biv_a_acml_100215.csv,only_in_old_folder,NA,NA,NA
mi_sim_biv_a_acml_100216.csv,only_in_old_folder,NA,NA,NA
mi_sim_biv_a_acml_100217.csv,only_in_old_folder,NA,NA,NA
mi_sim_biv_a_acml_100218.csv,only_in_old_folder,NA,NA,NA
mi_sim_biv_a_acml_100219.csv,only_in_old_folder,NA,NA,NA
mi_sim_biv_a_acml_100220.csv,only_in_old_folder,NA,NA,NA
mi_sim_biv_a_acml_100221.csv,only_in_old_folder,NA,NA,NA
mi_sim_biv_a_acml_100222.csv,only_in_old_folder,NA,NA,NA
mi_sim_biv_a_acml_100223.csv,only_in_old_folder,NA,NA,NA
mi_sim_biv_a_acml_100224.csv,only_in_old_folder,NA,NA,NA
mi_sim_biv_a_acml_100225.csv,only_in_old_folder,NA,NA,NA
mi_sim_biv_a_acml_100226.csv,only_in_old_folder,NA,NA,NA
mi_sim_biv_a_acml_100227.csv,only_in_old_folder,NA,NA,NA
mi_sim_biv_a_acml_100228.csv,only_in_old_folder,NA,NA,NA
mi_sim_biv_a_acml_100229.csv,only_in_old_folder,NA,NA,NA
mi_sim_biv_a_acml_100230.csv,only_in_old_folder,NA,NA,NA
mi_sim_biv_a_acml_100231.csv,only_in_old_folder,NA,NA,NA
mi_sim_biv_a_acml_100232.csv,only_in_old_folder,NA,NA,NA
mi_sim_biv_a_acml_100233.csv,only_in_old_folder,NA,NA,NA
mi_sim_biv_a_acml_100234.csv,only_in_old_folder,NA,NA,NA
mi_sim_biv_a_acml_100235.csv,only_in_old_folder,NA,NA,NA
mi_sim_biv_a_acml_100236.csv,only_in_old_folder,NA,NA,NA
mi_sim_biv_a_acml_100237.csv,only_in_old_folder,NA,NA,NA
mi_sim_biv_a_acml_100238.csv,only_in_old_folder,NA,NA,NA
mi_sim_biv_a_acml_100239.csv,only_in_old_folder,NA,NA,NA
mi_sim_biv_a_acml_100240.csv,only_in_old_folder,NA,NA,NA
mi_sim_biv_a_acml_100241.csv,only_in_old_folder,NA,NA,NA
mi_sim_biv_a_acml_100242.csv,only_in_old_folder,NA,NA,NA
mi_sim_biv_a_acml_100243.csv,only_in_old_folder,NA,NA,NA
mi_sim_biv_a_acml_100244.csv,only_in_old_folder,NA,NA,NA
mi_sim_biv_a_acml_100245.csv,only_in_old_folder,NA,NA,NA
mi_sim_biv_a_acml_100246.csv,only_in_old_folder,NA,NA,NA
mi_sim_biv_a_acml_100247.csv,only_in_old_folder,NA,NA,NA
mi_sim_biv_a_acml_100248.csv,only_in_old_folder,NA,NA,NA
mi_sim_biv_a_acml_100249.csv,only_in_old_folder,NA,NA,NA
mi_sim_biv_a_acml_100250.csv,only_in_old_folder,NA,NA,NA
mi_sim_biv_a_acml_100251.csv,only_in_old_folder,NA,NA,NA
mi_sim_biv_a_acml_100252.csv,only_in_old_folder,NA,NA,NA
mi_sim_biv_a_acml_100253.csv,only_in_old_folder,NA,NA,NA
mi_sim_biv_a_acml_100254.csv,only_in_old_folder,NA,NA,NA
mi_sim_biv_a_acml_100255.csv,only_in_old_folder,NA,NA,NA
mi_sim_biv_a_acml_100256.csv,only_in_old_folder,NA,NA,NA
mi_sim_biv_a_acml_100257.csv,only_in_old_folder,NA,NA,NA
mi_sim_biv_a_acml_100258.csv,only_in_old_folder,NA,NA,NA
mi_sim_biv_a_acml_100259.csv,only_in_old_folder,NA,NA,NA
mi_sim_biv_a_acml_100260.csv,only_in_old_folder,NA,NA,NA
mi_sim_biv_a_acml_100261.csv,only_in_old_folder,NA,NA,NA
mi_sim_biv_a_acml_100262.csv,only_in_old_folder,NA,NA,NA
mi_sim_biv_a_acml_100263.csv,only_in_old_folder,NA,NA,NA
mi_sim_biv_a_acml_100264.csv,only_in_old_folder,NA,NA,NA
mi_sim_biv_a_acml_100265.csv,only_in_old_folder,NA,NA,NA
mi_sim_biv_a_acml_100266.csv,only_in_old_folder,NA,NA,NA
mi_sim_biv_a_acml_100267.csv,only_in_old_folder,NA,NA,NA
mi_sim_biv_a_acml_100268.csv,only_in_old_folder,NA,NA,NA
mi_sim_biv_a_acml_100269.csv,only_in_old_folder,NA,NA,NA
mi_sim_biv_a_acml_100270.csv,only_in_old_folder,NA,NA,NA
mi_sim_biv_a_acml_100271.csv,only_in_old_folder,NA,NA,NA
mi_sim_biv_a_acml_100272.csv,only_in_old_folder,NA,NA,NA
mi_sim_biv_a_acml_100273.csv,only_in_old_folder,NA,NA,NA
mi_sim_biv_a_acml_100274.csv,only_in_old_folder,NA,NA,NA
mi_sim_biv_a_acml_100275.csv,only_in_old_folder,NA,NA,NA
mi_sim_biv_a_acml_100276.csv,only_in_old_folder,NA,NA,NA
mi_sim_biv_a_acml_100277.csv,only_in_old_folder,NA,NA,NA
mi_sim_biv_a_acml_100278.csv,only_in_old_folder,NA,NA,NA
mi_sim_biv_a_acml_100279.csv,only_in_old_folder,NA,NA,NA
mi_sim_biv_a_acml_100280.csv,only_in_old_folder,NA,NA,NA
mi_sim_biv_a_acml_100281.csv,only_in_old_folder,NA,NA,NA
mi_sim_biv_a_acml_100282.csv,only_in_old_folder,NA,NA,NA
mi_sim_biv_a_acml_100283.csv,only_in_old_folder,NA,NA,NA
mi_sim_biv_a_acml_100284.csv,only_in_old_folder,NA,NA,NA
mi_sim_biv_a_acml_100285.csv,only_in_old_folder,NA,NA,NA
mi_sim_biv_a_acml_100286.csv,only_in_old_folder,NA,NA,NA
mi_sim_biv_a_acml_100287.csv,only_in_old_folder,NA,NA,NA
mi_sim_biv_a_acml_100288.csv,only_in_old_folder,NA,NA,NA
mi_sim_biv_a_acml_100289.csv,only_in_old_folder,NA,NA,NA
mi_sim_biv_a_acml_100290.csv,only_in_old_folder,NA,NA,NA
mi_sim_biv_a_acml_100291.csv,only_in_old_folder,NA,NA,NA
mi_sim_biv_a_acml_100292.csv,only_in_old_folder,NA,NA,NA
mi_sim_biv_a_acml_100293.csv,only_in_old_folder,NA,NA,NA
mi_sim_biv_a_acml_100294.csv,only_in_old_folder,NA,NA,NA
mi_sim_biv_a_acml_100295.csv,only_in_old_folder,NA,NA,NA
mi_sim_biv_a_acml_100296.csv,only_in_old_folder,NA,NA,NA
mi_sim_biv_a_acml_100297.csv,only_in_old_folder,NA,NA,NA
mi_sim_biv_a_acml_100298.csv,only_in_old_folder,NA,NA,NA
mi_sim_biv_a_acml_100299.csv,only_in_old_folder,NA,NA,NA
mi_sim_biv_a_acml_100300.csv,only_in_old_folder,NA,NA,NA
mi_sim_biv_a_acml_100301.csv,only_in_old_folder,NA,NA,NA
mi_sim_biv_a_acml_100302.csv,only_in_old_folder,NA,NA,NA
mi_sim_biv_a_acml_100303.csv,only_in_old_folder,NA,NA,NA
mi_sim_biv_a_acml_100304.csv,only_in_old_folder,NA,NA,NA
mi_sim_biv_a_acml_100305.csv,only_in_old_folder,NA,NA,NA
mi_sim_biv_a_acml_100306.csv,only_in_old_folder,NA,NA,NA
mi_sim_biv_a_acml_100307.csv,only_in_old_folder,NA,NA,NA
mi_sim_biv_a_acml_100309.csv,only_in_old_folder,NA,NA,NA
mi_sim_biv_a_acml_100310.csv,only_in_old_folder,NA,NA,NA
mi_sim_biv_a_acml_100311.csv,only_in_old_folder,NA,NA,NA
mi_sim_biv_a_acml_100312.csv,only_in_old_folder,NA,NA,NA
mi_sim_biv_a_acml_100313.csv,only_in_old_folder,NA,NA,NA
mi_sim_biv_a_acml_100314.csv,only_in_old_folder,NA,NA,NA
mi_sim_biv_a_acml_100315.csv,only_in_old_folder,NA,NA,NA
mi_sim_biv_a_acml_100316.csv,only_in_old_folder,NA,NA,NA
mi_sim_biv_a_acml_100317.csv,only_in_old_folder,NA,NA,NA
mi_sim_biv_a_acml_100318.csv,only_in_old_folder,NA,NA,NA
mi_sim_biv_a_acml_100319.csv,only_in_old_folder,NA,NA,NA
mi_sim_biv_a_acml_100320.csv,only_in_old_folder,NA,NA,NA
mi_sim_biv_a_acml_100321.csv,only_in_old_folder,NA,NA,NA
mi_sim_biv_a_acml_100323.csv,only_in_old_folder,NA,NA,NA
mi_sim_biv_a_acml_100324.csv,only_in_old_folder,NA,NA,NA
mi_sim_biv_a_acml_100325.csv,only_in_old_folder,NA,NA,NA
mi_sim_biv_a_acml_100326.csv,only_in_old_folder,NA,NA,NA
mi_sim_biv_a_acml_100327.csv,only_in_old_folder,NA,NA,NA
mi_sim_biv_a_acml_100328.csv,only_in_old_folder,NA,NA,NA
mi_sim_biv_a_acml_100329.csv,only_in_old_folder,NA,NA,NA
mi_sim_biv_a_acml_100330.csv,only_in_old_folder,NA,NA,NA
mi_sim_biv_a_acml_100332.csv,only_in_old_folder,NA,NA,NA
mi_sim_biv_a_acml_100333.csv,only_in_old_folder,NA,NA,NA
mi_sim_biv_a_acml_100334.csv,only_in_old_folder,NA,NA,NA
mi_sim_biv_a_acml_100335.csv,only_in_old_folder,NA,NA,NA
mi_sim_biv_a_acml_100336.csv,only_in_old_folder,NA,NA,NA
mi_sim_biv_a_acml_100337.csv,only_in_old_folder,NA,NA,NA
mi_sim_biv_a_acml_100338.csv,only_in_old_folder,NA,NA,NA
mi_sim_biv_a_acml_100340.csv,only_in_old_folder,NA,NA,NA
mi_sim_biv_a_acml_100341.csv,only_in_old_folder,NA,NA,NA
mi_sim_biv_a_acml_100342.csv,only_in_old_folder,NA,NA,NA
mi_sim_biv_a_acml_100343.csv,only_in_old_folder,NA,NA,NA
mi_sim_biv_a_acml_100344.csv,only_in_old_folder,NA,NA,NA
mi_sim_biv_a_acml_100345.csv,only_in_old_folder,NA,NA,NA
mi_sim_biv_a_acml_100346.csv,only_in_old_folder,NA,NA,NA
mi_sim_biv_a_acml_100347.csv,only_in_old_folder,NA,NA,NA
mi_sim_biv_a_acml_100348.csv,only_in_old_folder,NA,NA,NA
mi_sim_biv_a_acml_100349.csv,only_in_old_folder,NA,NA,NA
mi_sim_biv_a_acml_100350.csv,only_in_old_folder,NA,NA,NA
mi_sim_biv_a_acml_100351.csv,only_in_old_folder,NA,NA,NA
mi_sim_biv_a_acml_100352.csv,only_in_old_folder,NA,NA,NA
mi_sim_biv_a_acml_100353.csv,only_in_old_folder,NA,NA,NA
mi_sim_biv_a_acml_100354.csv,only_in_old_folder,NA,NA,NA
mi_sim_biv_a_acml_100355.csv,only_in_old_folder,NA,NA,NA
mi_sim_biv_a_acml_100356.csv,only_in_old_folder,NA,NA,NA
mi_sim_biv_a_acml_100357.csv,only_in_old_folder,NA,NA,NA
mi_sim_biv_a_acml_100358.csv,only_in_old_folder,NA,NA,NA
mi_sim_biv_a_acml_100359.csv,only_in_old_folder,NA,NA,NA
mi_sim_biv_a_acml_100360.csv,only_in_old_folder,NA,NA,NA
mi_sim_biv_a_acml_100361.csv,only_in_old_folder,NA,NA,NA
mi_sim_biv_a_acml_100362.csv,only_in_old_folder,NA,NA,NA
mi_sim_biv_a_acml_100363.csv,only_in_old_folder,NA,NA,NA
mi_sim_biv_a_acml_100364.csv,only_in_old_folder,NA,NA,NA
mi_sim_biv_a_acml_100365.csv,only_in_old_folder,NA,NA,NA
mi_sim_biv_a_acml_100366.csv,only_in_old_folder,NA,NA,NA
mi_sim_biv_a_acml_100367.csv,only_in_old_folder,NA,NA,NA
mi_sim_biv_a_acml_100368.csv,only_in_old_folder,NA,NA,NA
mi_sim_biv_a_acml_100369.csv,only_in_old_folder,NA,NA,NA
mi_sim_biv_a_acml_100370.csv,only_in_old_folder,NA,NA,NA
mi_sim_biv_a_acml_100371.csv,only_in_old_folder,NA,NA,NA
mi_sim_biv_a_acml_100372.csv,only_in_old_folder,NA,NA,NA
mi_sim_biv_a_acml_100373.csv,only_in_old_folder,NA,NA,NA
mi_sim_biv_a_acml_100374.csv,only_in_old_folder,NA,NA,NA
mi_sim_biv_a_acml_100375.csv,only_in_old_folder,NA,NA,NA
mi_sim_biv_a_acml_100376.csv,only_in_old_folder,NA,NA,NA
mi_sim_biv_a_acml_100377.csv,only_in_old_folder,NA,NA,NA
mi_sim_biv_a_acml_100378.csv,only_in_old_folder,NA,NA,NA
mi_sim_biv_a_acml_100379.csv,only_in_old_folder,NA,NA,NA
mi_sim_biv_a_acml_100380.csv,only_in_old_folder,NA,NA,NA
mi_sim_biv_a_acml_100381.csv,only_in_old_folder,NA,NA,NA
mi_sim_biv_a_acml_100382.csv,only_in_old_folder,NA,NA,NA
mi_sim_biv_a_acml_100383.csv,only_in_old_folder,NA,NA,NA
mi_sim_biv_a_acml_100384.csv,only_in_old_folder,NA,NA,NA
mi_sim_biv_a_acml_100385.csv,only_in_old_folder,NA,NA,NA
mi_sim_biv_a_acml_100386.csv,only_in_old_folder,NA,NA,NA
mi_sim_biv_a_acml_100387.csv,only_in_old_folder,NA,NA,NA
mi_sim_biv_a_acml_100388.csv,only_in_old_folder,NA,NA,NA
mi_sim_biv_a_acml_100389.csv,only_in_old_folder,NA,NA,NA
mi_sim_biv_a_acml_100390.csv,only_in_old_folder,NA,NA,NA
mi_sim_biv_a_acml_100391.csv,only_in_old_folder,NA,NA,NA
mi_sim_biv_a_acml_100392.csv,only_in_old_folder,NA,NA,NA
mi_sim_biv_a_acml_100393.csv,only_in_old_folder,NA,NA,NA
mi_sim_biv_a_acml_100394.csv,only_in_old_folder,NA,NA,NA
mi_sim_biv_a_acml_100395.csv,only_in_old_folder,NA,NA,NA
mi_sim_biv_a_acml_100396.csv,only_in_old_folder,NA,NA,NA
mi_sim_biv_a_acml_100397.csv,only_in_old_folder,NA,NA,NA
mi_sim_biv_a_acml_100398.csv,only_in_old_folder,NA,NA,NA
mi_sim_biv_a_acml_100399.csv,only_in_old_folder,NA,NA,NA
mi_sim_biv_a_acml_100400.csv,only_in_old_folder,NA,NA,NA
mi_sim_biv_a_mi_100001.csv,only_in_old_folder,NA,NA,NA
mi_sim_biv_a_mi_100002.csv,only_in_old_folder,NA,NA,NA
mi_sim_biv_a_mi_100003.csv,only_in_old_folder,NA,NA,NA
mi_sim_biv_a_mi_100004.csv,only_in_old_folder,NA,NA,NA
mi_sim_biv_a_mi_100005.csv,only_in_old_folder,NA,NA,NA
mi_sim_biv_a_mi_100006.csv,only_in_old_folder,NA,NA,NA
mi_sim_biv_a_mi_100007.csv,only_in_old_folder,NA,NA,NA
mi_sim_biv_a_mi_100008.csv,only_in_old_folder,NA,NA,NA
mi_sim_biv_a_mi_100009.csv,only_in_old_folder,NA,NA,NA
mi_sim_biv_a_mi_100010.csv,only_in_old_folder,NA,NA,NA
mi_sim_biv_a_mi_100011.csv,only_in_old_folder,NA,NA,NA
mi_sim_biv_a_mi_100012.csv,only_in_old_folder,NA,NA,NA
mi_sim_biv_a_mi_100013.csv,only_in_old_folder,NA,NA,NA
mi_sim_biv_a_mi_100014.csv,only_in_old_folder,NA,NA,NA
mi_sim_biv_a_mi_100015.csv,only_in_old_folder,NA,NA,NA
mi_sim_biv_a_mi_100016.csv,only_in_old_folder,NA,NA,NA
mi_sim_biv_a_mi_100017.csv,only_in_old_folder,NA,NA,NA
mi_sim_biv_a_mi_100018.csv,only_in_old_folder,NA,NA,NA
mi_sim_biv_a_mi_100019.csv,only_in_old_folder,NA,NA,NA
mi_sim_biv_a_mi_100020.csv,only_in_old_folder,NA,NA,NA
mi_sim_biv_a_mi_100021.csv,only_in_old_folder,NA,NA,NA
mi_sim_biv_a_mi_100022.csv,only_in_old_folder,NA,NA,NA
mi_sim_biv_a_mi_100023.csv,only_in_old_folder,NA,NA,NA
mi_sim_biv_a_mi_100024.csv,only_in_old_folder,NA,NA,NA
mi_sim_biv_a_mi_100025.csv,only_in_old_folder,NA,NA,NA
mi_sim_biv_a_mi_100026.csv,only_in_old_folder,NA,NA,NA
mi_sim_biv_a_mi_100027.csv,only_in_old_folder,NA,NA,NA
mi_sim_biv_a_mi_100028.csv,only_in_old_folder,NA,NA,NA
mi_sim_biv_a_mi_100029.csv,only_in_old_folder,NA,NA,NA
mi_sim_biv_a_mi_100030.csv,only_in_old_folder,NA,NA,NA
mi_sim_biv_a_mi_100031.csv,only_in_old_folder,NA,NA,NA
mi_sim_biv_a_mi_100032.csv,only_in_old_folder,NA,NA,NA
mi_sim_biv_a_mi_100033.csv,only_in_old_folder,NA,NA,NA
mi_sim_biv_a_mi_100034.csv,only_in_old_folder,NA,NA,NA
mi_sim_biv_a_mi_100035.csv,only_in_old_folder,NA,NA,NA
mi_sim_biv_a_mi_100036.csv,only_in_old_folder,NA,NA,NA
mi_sim_biv_a_mi_100037.csv,only_in_old_folder,NA,NA,NA
mi_sim_biv_a_mi_100038.csv,only_in_old_folder,NA,NA,NA
mi_sim_biv_a_mi_100039.csv,only_in_old_folder,NA,NA,NA
mi_sim_biv_a_mi_100040.csv,only_in_old_folder,NA,NA,NA
mi_sim_biv_a_mi_100041.csv,only_in_old_folder,NA,NA,NA
mi_sim_biv_a_mi_100042.csv,only_in_old_folder,NA,NA,NA
mi_sim_biv_a_mi_100043.csv,only_in_old_folder,NA,NA,NA
mi_sim_biv_a_mi_100044.csv,only_in_old_folder,NA,NA,NA
mi_sim_biv_a_mi_100045.csv,only_in_old_folder,NA,NA,NA
mi_sim_biv_a_mi_100046.csv,only_in_old_folder,NA,NA,NA
mi_sim_biv_a_mi_100047.csv,only_in_old_folder,NA,NA,NA
mi_sim_biv_a_mi_100048.csv,only_in_old_folder,NA,NA,NA
mi_sim_biv_a_mi_100049.csv,only_in_old_folder,NA,NA,NA
mi_sim_biv_a_mi_100050.csv,only_in_old_folder,NA,NA,NA
mi_sim_biv_a_mi_100051.csv,only_in_old_folder,NA,NA,NA
mi_sim_biv_a_mi_100052.csv,only_in_old_folder,NA,NA,NA
mi_sim_biv_a_mi_100053.csv,only_in_old_folder,NA,NA,NA
mi_sim_biv_a_mi_100054.csv,only_in_old_folder,NA,NA,NA
mi_sim_biv_a_mi_100055.csv,only_in_old_folder,NA,NA,NA
mi_sim_biv_a_mi_100056.csv,only_in_old_folder,NA,NA,NA
mi_sim_biv_a_mi_100057.csv,only_in_old_folder,NA,NA,NA
mi_sim_biv_a_mi_100058.csv,only_in_old_folder,NA,NA,NA
mi_sim_biv_a_mi_100059.csv,only_in_old_folder,NA,NA,NA
mi_sim_biv_a_mi_100060.csv,only_in_old_folder,NA,NA,NA
mi_sim_biv_a_mi_100061.csv,only_in_old_folder,NA,NA,NA
mi_sim_biv_a_mi_100062.csv,only_in_old_folder,NA,NA,NA
mi_sim_biv_a_mi_100063.csv,only_in_old_folder,NA,NA,NA
mi_sim_biv_a_mi_100064.csv,only_in_old_folder,NA,NA,NA
mi_sim_biv_a_mi_100065.csv,only_in_old_folder,NA,NA,NA
mi_sim_biv_a_mi_100066.csv,only_in_old_folder,NA,NA,NA
mi_sim_biv_a_mi_100067.csv,only_in_old_folder,NA,NA,NA
mi_sim_biv_a_mi_100068.csv,only_in_old_folder,NA,NA,NA
mi_sim_biv_a_mi_100069.csv,only_in_old_folder,NA,NA,NA
mi_sim_biv_a_mi_100070.csv,only_in_old_folder,NA,NA,NA
mi_sim_biv_a_mi_100071.csv,only_in_old_folder,NA,NA,NA
mi_sim_biv_a_mi_100072.csv,only_in_old_folder,NA,NA,NA
mi_sim_biv_a_mi_100073.csv,only_in_old_folder,NA,NA,NA
mi_sim_biv_a_mi_100074.csv,only_in_old_folder,NA,NA,NA
mi_sim_biv_a_mi_100075.csv,only_in_old_folder,NA,NA,NA
mi_sim_biv_a_mi_100076.csv,only_in_old_folder,NA,NA,NA
mi_sim_biv_a_mi_100077.csv,only_in_old_folder,NA,NA,NA
mi_sim_biv_a_mi_100078.csv,only_in_old_folder,NA,NA,NA
mi_sim_biv_a_mi_100079.csv,only_in_old_folder,NA,NA,NA
mi_sim_biv_a_mi_100080.csv,only_in_old_folder,NA,NA,NA
mi_sim_biv_a_mi_100081.csv,only_in_old_folder,NA,NA,NA
mi_sim_biv_a_mi_100082.csv,only_in_old_folder,NA,NA,NA
mi_sim_biv_a_mi_100083.csv,only_in_old_folder,NA,NA,NA
mi_sim_biv_a_mi_100084.csv,only_in_old_folder,NA,NA,NA
mi_sim_biv_a_mi_100085.csv,only_in_old_folder,NA,NA,NA
mi_sim_biv_a_mi_100086.csv,only_in_old_folder,NA,NA,NA
mi_sim_biv_a_mi_100087.csv,only_in_old_folder,NA,NA,NA
mi_sim_biv_a_mi_100088.csv,only_in_old_folder,NA,NA,NA
mi_sim_biv_a_mi_100089.csv,only_in_old_folder,NA,NA,NA
mi_sim_biv_a_mi_100090.csv,only_in_old_folder,NA,NA,NA
mi_sim_biv_a_mi_100091.csv,only_in_old_folder,NA,NA,NA
mi_sim_biv_a_mi_100092.csv,only_in_old_folder,NA,NA,NA
mi_sim_biv_a_mi_100093.csv,only_in_old_folder,NA,NA,NA
mi_sim_biv_a_mi_100094.csv,only_in_old_folder,NA,NA,NA
mi_sim_biv_a_mi_100095.csv,only_in_old_folder,NA,NA,NA
mi_sim_biv_a_mi_100096.csv,only_in_old_folder,NA,NA,NA
mi_sim_biv_a_mi_100097.csv,only_in_old_folder,NA,NA,NA
mi_sim_biv_a_mi_100098.csv,only_in_old_folder,NA,NA,NA
mi_sim_biv_a_mi_100099.csv,only_in_old_folder,NA,NA,NA
mi_sim_biv_a_mi_100100.csv,only_in_old_folder,NA,NA,NA
mi_sim_biv_a_mi_100101.csv,only_in_old_folder,NA,NA,NA
mi_sim_biv_a_mi_100102.csv,only_in_old_folder,NA,NA,NA
mi_sim_biv_a_mi_100103.csv,only_in_old_folder,NA,NA,NA
mi_sim_biv_a_mi_100104.csv,only_in_old_folder,NA,NA,NA
mi_sim_biv_a_mi_100105.csv,only_in_old_folder,NA,NA,NA
mi_sim_biv_a_mi_100106.csv,only_in_old_folder,NA,NA,NA
mi_sim_biv_a_mi_100108.csv,only_in_old_folder,NA,NA,NA
mi_sim_biv_a_mi_100109.csv,only_in_old_folder,NA,NA,NA
mi_sim_biv_a_mi_100110.csv,only_in_old_folder,NA,NA,NA
mi_sim_biv_a_mi_100111.csv,only_in_old_folder,NA,NA,NA
mi_sim_biv_a_mi_100112.csv,only_in_old_folder,NA,NA,NA
mi_sim_biv_a_mi_100113.csv,only_in_old_folder,NA,NA,NA
mi_sim_biv_a_mi_100114.csv,only_in_old_folder,NA,NA,NA
mi_sim_biv_a_mi_100115.csv,only_in_old_folder,NA,NA,NA
mi_sim_biv_a_mi_100116.csv,only_in_old_folder,NA,NA,NA
mi_sim_biv_a_mi_100117.csv,only_in_old_folder,NA,NA,NA
mi_sim_biv_a_mi_100118.csv,only_in_old_folder,NA,NA,NA
mi_sim_biv_a_mi_100119.csv,only_in_old_folder,NA,NA,NA
mi_sim_biv_a_mi_100120.csv,only_in_old_folder,NA,NA,NA
mi_sim_biv_a_mi_100121.csv,only_in_old_folder,NA,NA,NA
mi_sim_biv_a_mi_100122.csv,only_in_old_folder,NA,NA,NA
mi_sim_biv_a_mi_100123.csv,only_in_old_folder,NA,NA,NA
mi_sim_biv_a_mi_100124.csv,only_in_old_folder,NA,NA,NA
mi_sim_biv_a_mi_100125.csv,only_in_old_folder,NA,NA,NA
mi_sim_biv_a_mi_100126.csv,only_in_old_folder,NA,NA,NA
mi_sim_biv_a_mi_100127.csv,only_in_old_folder,NA,NA,NA
mi_sim_biv_a_mi_100128.csv,only_in_old_folder,NA,NA,NA
mi_sim_biv_a_mi_100129.csv,only_in_old_folder,NA,NA,NA
mi_sim_biv_a_mi_100130.csv,only_in_old_folder,NA,NA,NA
mi_sim_biv_a_mi_100131.csv,only_in_old_folder,NA,NA,NA
mi_sim_biv_a_mi_100132.csv,only_in_old_folder,NA,NA,NA
mi_sim_biv_a_mi_100133.csv,only_in_old_folder,NA,NA,NA
mi_sim_biv_a_mi_100134.csv,only_in_old_folder,NA,NA,NA
mi_sim_biv_a_mi_100135.csv,only_in_old_folder,NA,NA,NA
mi_sim_biv_a_mi_100136.csv,only_in_old_folder,NA,NA,NA
mi_sim_biv_a_mi_100137.csv,only_in_old_folder,NA,NA,NA
mi_sim_biv_a_mi_100138.csv,only_in_old_folder,NA,NA,NA
mi_sim_biv_a_mi_100139.csv,only_in_old_folder,NA,NA,NA
mi_sim_biv_a_mi_100140.csv,only_in_old_folder,NA,NA,NA
mi_sim_biv_a_mi_100141.csv,only_in_old_folder,NA,NA,NA
mi_sim_biv_a_mi_100142.csv,only_in_old_folder,NA,NA,NA
mi_sim_biv_a_mi_100143.csv,only_in_old_folder,NA,NA,NA
mi_sim_biv_a_mi_100144.csv,only_in_old_folder,NA,NA,NA
mi_sim_biv_a_mi_100145.csv,only_in_old_folder,NA,NA,NA
mi_sim_biv_a_mi_100146.csv,only_in_old_folder,NA,NA,NA
mi_sim_biv_a_mi_100147.csv,only_in_old_folder,NA,NA,NA
mi_sim_biv_a_mi_100148.csv,only_in_old_folder,NA,NA,NA
mi_sim_biv_a_mi_100149.csv,only_in_old_folder,NA,NA,NA
mi_sim_biv_a_mi_100150.csv,only_in_old_folder,NA,NA,NA
mi_sim_biv_a_mi_100152.csv,only_in_old_folder,NA,NA,NA
mi_sim_biv_a_mi_100153.csv,only_in_old_folder,NA,NA,NA
mi_sim_biv_a_mi_100154.csv,only_in_old_folder,NA,NA,NA
mi_sim_biv_a_mi_100155.csv,only_in_old_folder,NA,NA,NA
mi_sim_biv_a_mi_100156.csv,only_in_old_folder,NA,NA,NA
mi_sim_biv_a_mi_100157.csv,only_in_old_folder,NA,NA,NA
mi_sim_biv_a_mi_100160.csv,only_in_old_folder,NA,NA,NA
mi_sim_biv_a_mi_100161.csv,only_in_old_folder,NA,NA,NA
mi_sim_biv_a_mi_100162.csv,only_in_old_folder,NA,NA,NA
mi_sim_biv_a_mi_100163.csv,only_in_old_folder,NA,NA,NA
mi_sim_biv_a_mi_100164.csv,only_in_old_folder,NA,NA,NA
mi_sim_biv_a_mi_100165.csv,only_in_old_folder,NA,NA,NA
mi_sim_biv_a_mi_100166.csv,only_in_old_folder,NA,NA,NA
mi_sim_biv_a_mi_100167.csv,only_in_old_folder,NA,NA,NA
mi_sim_biv_a_mi_100168.csv,only_in_old_folder,NA,NA,NA
mi_sim_biv_a_mi_100169.csv,only_in_old_folder,NA,NA,NA
mi_sim_biv_a_mi_100170.csv,only_in_old_folder,NA,NA,NA
mi_sim_biv_a_mi_100171.csv,only_in_old_folder,NA,NA,NA
mi_sim_biv_a_mi_100172.csv,only_in_old_folder,NA,NA,NA
mi_sim_biv_a_mi_100173.csv,only_in_old_folder,NA,NA,NA
mi_sim_biv_a_mi_100176.csv,only_in_old_folder,NA,NA,NA
mi_sim_biv_a_mi_100177.csv,only_in_old_folder,NA,NA,NA
mi_sim_biv_a_mi_100178.csv,only_in_old_folder,NA,NA,NA
mi_sim_biv_a_mi_100181.csv,only_in_old_folder,NA,NA,NA
mi_sim_biv_a_mi_100182.csv,only_in_old_folder,NA,NA,NA
mi_sim_biv_a_mi_100183.csv,only_in_old_folder,NA,NA,NA
mi_sim_biv_a_mi_100184.csv,only_in_old_folder,NA,NA,NA
mi_sim_biv_a_mi_100185.csv,only_in_old_folder,NA,NA,NA
mi_sim_biv_a_mi_100186.csv,only_in_old_folder,NA,NA,NA
mi_sim_biv_a_mi_100189.csv,only_in_old_folder,NA,NA,NA
mi_sim_biv_a_mi_100190.csv,only_in_old_folder,NA,NA,NA
mi_sim_biv_a_mi_100191.csv,only_in_old_folder,NA,NA,NA
mi_sim_biv_a_mi_100192.csv,only_in_old_folder,NA,NA,NA
mi_sim_biv_a_mi_100193.csv,only_in_old_folder,NA,NA,NA
mi_sim_biv_a_mi_100194.csv,only_in_old_folder,NA,NA,NA
mi_sim_biv_a_mi_100195.csv,only_in_old_folder,NA,NA,NA
mi_sim_biv_a_mi_100196.csv,only_in_old_folder,NA,NA,NA
mi_sim_biv_a_mi_100197.csv,only_in_old_folder,NA,NA,NA
mi_sim_biv_a_mi_100198.csv,only_in_old_folder,NA,NA,NA
mi_sim_biv_a_mi_100199.csv,only_in_old_folder,NA,NA,NA
mi_sim_biv_a_mi_100200.csv,only_in_old_folder,NA,NA,NA
mi_sim_biv_a_mi_100201.csv,only_in_old_folder,NA,NA,NA
mi_sim_biv_a_mi_100202.csv,only_in_old_folder,NA,NA,NA
mi_sim_biv_a_mi_100203.csv,only_in_old_folder,NA,NA,NA
mi_sim_biv_a_mi_100204.csv,only_in_old_folder,NA,NA,NA
mi_sim_biv_a_mi_100205.csv,only_in_old_folder,NA,NA,NA
mi_sim_biv_a_mi_100206.csv,only_in_old_folder,NA,NA,NA
mi_sim_biv_a_mi_100207.csv,only_in_old_folder,NA,NA,NA
mi_sim_biv_a_mi_100208.csv,only_in_old_folder,NA,NA,NA
mi_sim_biv_a_mi_100209.csv,only_in_old_folder,NA,NA,NA
mi_sim_biv_a_mi_100210.csv,only_in_old_folder,NA,NA,NA
mi_sim_biv_a_mi_100211.csv,only_in_old_folder,NA,NA,NA
mi_sim_biv_a_mi_100212.csv,only_in_old_folder,NA,NA,NA
mi_sim_biv_a_mi_100213.csv,only_in_old_folder,NA,NA,NA
mi_sim_biv_a_mi_100214.csv,only_in_old_folder,NA,NA,NA
mi_sim_biv_a_mi_100215.csv,only_in_old_folder,NA,NA,NA
mi_sim_biv_a_mi_100216.csv,only_in_old_folder,NA,NA,NA
mi_sim_biv_a_mi_100217.csv,only_in_old_folder,NA,NA,NA
mi_sim_biv_a_mi_100218.csv,only_in_old_folder,NA,NA,NA
mi_sim_biv_a_mi_100219.csv,only_in_old_folder,NA,NA,NA
mi_sim_biv_a_mi_100220.csv,only_in_old_folder,NA,NA,NA
mi_sim_biv_a_mi_100221.csv,only_in_old_folder,NA,NA,NA
mi_sim_biv_a_mi_100222.csv,only_in_old_folder,NA,NA,NA
mi_sim_biv_a_mi_100223.csv,only_in_old_folder,NA,NA,NA
mi_sim_biv_a_mi_100224.csv,only_in_old_folder,NA,NA,NA
mi_sim_biv_a_mi_100225.csv,only_in_old_folder,NA,NA,NA
mi_sim_biv_a_mi_100226.csv,only_in_old_folder,NA,NA,NA
mi_sim_biv_a_mi_100227.csv,only_in_old_folder,NA,NA,NA
mi_sim_biv_a_mi_100228.csv,only_in_old_folder,NA,NA,NA
mi_sim_biv_a_mi_100229.csv,only_in_old_folder,NA,NA,NA
mi_sim_biv_a_mi_100230.csv,only_in_old_folder,NA,NA,NA
mi_sim_biv_a_mi_100231.csv,only_in_old_folder,NA,NA,NA
mi_sim_biv_a_mi_100232.csv,only_in_old_folder,NA,NA,NA
mi_sim_biv_a_mi_100233.csv,only_in_old_folder,NA,NA,NA
mi_sim_biv_a_mi_100234.csv,only_in_old_folder,NA,NA,NA
mi_sim_biv_a_mi_100235.csv,only_in_old_folder,NA,NA,NA
mi_sim_biv_a_mi_100236.csv,only_in_old_folder,NA,NA,NA
mi_sim_biv_a_mi_100237.csv,only_in_old_folder,NA,NA,NA
mi_sim_biv_a_mi_100238.csv,only_in_old_folder,NA,NA,NA
mi_sim_biv_a_mi_100239.csv,only_in_old_folder,NA,NA,NA
mi_sim_biv_a_mi_100240.csv,only_in_old_folder,NA,NA,NA
mi_sim_biv_a_mi_100241.csv,only_in_old_folder,NA,NA,NA
mi_sim_biv_a_mi_100242.csv,only_in_old_folder,NA,NA,NA
mi_sim_biv_a_mi_100243.csv,only_in_old_folder,NA,NA,NA
mi_sim_biv_a_mi_100244.csv,only_in_old_folder,NA,NA,NA
mi_sim_biv_a_mi_100245.csv,only_in_old_folder,NA,NA,NA
mi_sim_biv_a_mi_100246.csv,only_in_old_folder,NA,NA,NA
mi_sim_biv_a_mi_100247.csv,only_in_old_folder,NA,NA,NA
mi_sim_biv_a_mi_100248.csv,only_in_old_folder,NA,NA,NA
mi_sim_biv_a_mi_100249.csv,only_in_old_folder,NA,NA,NA
mi_sim_biv_a_mi_100250.csv,only_in_old_folder,NA,NA,NA
mi_sim_biv_a_mi_100251.csv,only_in_old_folder,NA,NA,NA
mi_sim_biv_a_mi_100252.csv,only_in_old_folder,NA,NA,NA
mi_sim_biv_a_mi_100253.csv,only_in_old_folder,NA,NA,NA
mi_sim_biv_a_mi_100254.csv,only_in_old_folder,NA,NA,NA
mi_sim_biv_a_mi_100255.csv,only_in_old_folder,NA,NA,NA
mi_sim_biv_a_mi_100256.csv,only_in_old_folder,NA,NA,NA
mi_sim_biv_a_mi_100257.csv,only_in_old_folder,NA,NA,NA
mi_sim_biv_a_mi_100258.csv,only_in_old_folder,NA,NA,NA
mi_sim_biv_a_mi_100259.csv,only_in_old_folder,NA,NA,NA
mi_sim_biv_a_mi_100260.csv,only_in_old_folder,NA,NA,NA
mi_sim_biv_a_mi_100261.csv,only_in_old_folder,NA,NA,NA
mi_sim_biv_a_mi_100262.csv,only_in_old_folder,NA,NA,NA
mi_sim_biv_a_mi_100263.csv,only_in_old_folder,NA,NA,NA
mi_sim_biv_a_mi_100264.csv,only_in_old_folder,NA,NA,NA
mi_sim_biv_a_mi_100265.csv,only_in_old_folder,NA,NA,NA
mi_sim_biv_a_mi_100266.csv,only_in_old_folder,NA,NA,NA
mi_sim_biv_a_mi_100267.csv,only_in_old_folder,NA,NA,NA
mi_sim_biv_a_mi_100268.csv,only_in_old_folder,NA,NA,NA
mi_sim_biv_a_mi_100269.csv,only_in_old_folder,NA,NA,NA
mi_sim_biv_a_mi_100270.csv,only_in_old_folder,NA,NA,NA
mi_sim_biv_a_mi_100271.csv,only_in_old_folder,NA,NA,NA
mi_sim_biv_a_mi_100272.csv,only_in_old_folder,NA,NA,NA
mi_sim_biv_a_mi_100273.csv,only_in_old_folder,NA,NA,NA
mi_sim_biv_a_mi_100274.csv,only_in_old_folder,NA,NA,NA
mi_sim_biv_a_mi_100275.csv,only_in_old_folder,NA,NA,NA
mi_sim_biv_a_mi_100276.csv,only_in_old_folder,NA,NA,NA
mi_sim_biv_a_mi_100277.csv,only_in_old_folder,NA,NA,NA
mi_sim_biv_a_mi_100278.csv,only_in_old_folder,NA,NA,NA
mi_sim_biv_a_mi_100279.csv,only_in_old_folder,NA,NA,NA
mi_sim_biv_a_mi_100280.csv,only_in_old_folder,NA,NA,NA
mi_sim_biv_a_mi_100281.csv,only_in_old_folder,NA,NA,NA
mi_sim_biv_a_mi_100282.csv,only_in_old_folder,NA,NA,NA
mi_sim_biv_a_mi_100283.csv,only_in_old_folder,NA,NA,NA
mi_sim_biv_a_mi_100284.csv,only_in_old_folder,NA,NA,NA
mi_sim_biv_a_mi_100285.csv,only_in_old_folder,NA,NA,NA
mi_sim_biv_a_mi_100286.csv,only_in_old_folder,NA,NA,NA
mi_sim_biv_a_mi_100287.csv,only_in_old_folder,NA,NA,NA
mi_sim_biv_a_mi_100288.csv,only_in_old_folder,NA,NA,NA
mi_sim_biv_a_mi_100289.csv,only_in_old_folder,NA,NA,NA
mi_sim_biv_a_mi_100290.csv,only_in_old_folder,NA,NA,NA
mi_sim_biv_a_mi_100291.csv,only_in_old_folder,NA,NA,NA
mi_sim_biv_a_mi_100292.csv,only_in_old_folder,NA,NA,NA
mi_sim_biv_a_mi_100293.csv,only_in_old_folder,NA,NA,NA
mi_sim_biv_a_mi_100294.csv,only_in_old_folder,NA,NA,NA
mi_sim_biv_a_mi_100295.csv,only_in_old_folder,NA,NA,NA
mi_sim_biv_a_mi_100296.csv,only_in_old_folder,NA,NA,NA
mi_sim_biv_a_mi_100297.csv,only_in_old_folder,NA,NA,NA
mi_sim_biv_a_mi_100298.csv,only_in_old_folder,NA,NA,NA
mi_sim_biv_a_mi_100299.csv,only_in_old_folder,NA,NA,NA
mi_sim_biv_a_mi_100300.csv,only_in_old_folder,NA,NA,NA
mi_sim_biv_a_mi_100301.csv,only_in_old_folder,NA,NA,NA
mi_sim_biv_a_mi_100302.csv,only_in_old_folder,NA,NA,NA
mi_sim_biv_a_mi_100303.csv,only_in_old_folder,NA,NA,NA
mi_sim_biv_a_mi_100304.csv,only_in_old_folder,NA,NA,NA
mi_sim_biv_a_mi_100305.csv,only_in_old_folder,NA,NA,NA
mi_sim_biv_a_mi_100306.csv,only_in_old_folder,NA,NA,NA
mi_sim_biv_a_mi_100307.csv,only_in_old_folder,NA,NA,NA
mi_sim_biv_a_mi_100309.csv,only_in_old_folder,NA,NA,NA
mi_sim_biv_a_mi_100310.csv,only_in_old_folder,NA,NA,NA
mi_sim_biv_a_mi_100311.csv,only_in_old_folder,NA,NA,NA
mi_sim_biv_a_mi_100312.csv,only_in_old_folder,NA,NA,NA
mi_sim_biv_a_mi_100313.csv,only_in_old_folder,NA,NA,NA
mi_sim_biv_a_mi_100314.csv,only_in_old_folder,NA,NA,NA
mi_sim_biv_a_mi_100315.csv,only_in_old_folder,NA,NA,NA
mi_sim_biv_a_mi_100316.csv,only_in_old_folder,NA,NA,NA
mi_sim_biv_a_mi_100317.csv,only_in_old_folder,NA,NA,NA
mi_sim_biv_a_mi_100318.csv,only_in_old_folder,NA,NA,NA
mi_sim_biv_a_mi_100319.csv,only_in_old_folder,NA,NA,NA
mi_sim_biv_a_mi_100320.csv,only_in_old_folder,NA,NA,NA
mi_sim_biv_a_mi_100321.csv,only_in_old_folder,NA,NA,NA
mi_sim_biv_a_mi_100323.csv,only_in_old_folder,NA,NA,NA
mi_sim_biv_a_mi_100324.csv,only_in_old_folder,NA,NA,NA
mi_sim_biv_a_mi_100325.csv,only_in_old_folder,NA,NA,NA
mi_sim_biv_a_mi_100326.csv,only_in_old_folder,NA,NA,NA
mi_sim_biv_a_mi_100327.csv,only_in_old_folder,NA,NA,NA
mi_sim_biv_a_mi_100328.csv,only_in_old_folder,NA,NA,NA
mi_sim_biv_a_mi_100329.csv,only_in_old_folder,NA,NA,NA
mi_sim_biv_a_mi_100330.csv,only_in_old_folder,NA,NA,NA
mi_sim_biv_a_mi_100332.csv,only_in_old_folder,NA,NA,NA
mi_sim_biv_a_mi_100333.csv,only_in_old_folder,NA,NA,NA
mi_sim_biv_a_mi_100334.csv,only_in_old_folder,NA,NA,NA
mi_sim_biv_a_mi_100335.csv,only_in_old_folder,NA,NA,NA
mi_sim_biv_a_mi_100336.csv,only_in_old_folder,NA,NA,NA
mi_sim_biv_a_mi_100337.csv,only_in_old_folder,NA,NA,NA
mi_sim_biv_a_mi_100338.csv,only_in_old_folder,NA,NA,NA
mi_sim_biv_a_mi_100340.csv,only_in_old_folder,NA,NA,NA
mi_sim_biv_a_mi_100341.csv,only_in_old_folder,NA,NA,NA
mi_sim_biv_a_mi_100342.csv,only_in_old_folder,NA,NA,NA
mi_sim_biv_a_mi_100343.csv,only_in_old_folder,NA,NA,NA
mi_sim_biv_a_mi_100344.csv,only_in_old_folder,NA,NA,NA
mi_sim_biv_a_mi_100345.csv,only_in_old_folder,NA,NA,NA
mi_sim_biv_a_mi_100346.csv,only_in_old_folder,NA,NA,NA
mi_sim_biv_a_mi_100347.csv,only_in_old_folder,NA,NA,NA
mi_sim_biv_a_mi_100348.csv,only_in_old_folder,NA,NA,NA
mi_sim_biv_a_mi_100349.csv,only_in_old_folder,NA,NA,NA
mi_sim_biv_a_mi_100350.csv,only_in_old_folder,NA,NA,NA
mi_sim_biv_a_mi_100351.csv,only_in_old_folder,NA,NA,NA
mi_sim_biv_a_mi_100352.csv,only_in_old_folder,NA,NA,NA
mi_sim_biv_a_mi_100353.csv,only_in_old_folder,NA,NA,NA
mi_sim_biv_a_mi_100354.csv,only_in_old_folder,NA,NA,NA
mi_sim_biv_a_mi_100355.csv,only_in_old_folder,NA,NA,NA
mi_sim_biv_a_mi_100356.csv,only_in_old_folder,NA,NA,NA
mi_sim_biv_a_mi_100357.csv,only_in_old_folder,NA,NA,NA
mi_sim_biv_a_mi_100358.csv,only_in_old_folder,NA,NA,NA
mi_sim_biv_a_mi_100359.csv,only_in_old_folder,NA,NA,NA
mi_sim_biv_a_mi_100360.csv,only_in_old_folder,NA,NA,NA
mi_sim_biv_a_mi_100361.csv,only_in_old_folder,NA,NA,NA
mi_sim_biv_a_mi_100362.csv,only_in_old_folder,NA,NA,NA
mi_sim_biv_a_mi_100363.csv,only_in_old_folder,NA,NA,NA
mi_sim_biv_a_mi_100364.csv,only_in_old_folder,NA,NA,NA
mi_sim_biv_a_mi_100365.csv,only_in_old_folder,NA,NA,NA
mi_sim_biv_a_mi_100366.csv,only_in_old_folder,NA,NA,NA
mi_sim_biv_a_mi_100367.csv,only_in_old_folder,NA,NA,NA
mi_sim_biv_a_mi_100368.csv,only_in_old_folder,NA,NA,NA
mi_sim_biv_a_mi_100369.csv,only_in_old_folder,NA,NA,NA
mi_sim_biv_a_mi_100370.csv,only_in_old_folder,NA,NA,NA
mi_sim_biv_a_mi_100371.csv,only_in_old_folder,NA,NA,NA
mi_sim_biv_a_mi_100372.csv,only_in_old_folder,NA,NA,NA
mi_sim_biv_a_mi_100373.csv,only_in_old_folder,NA,NA,NA
mi_sim_biv_a_mi_100374.csv,only_in_old_folder,NA,NA,NA
mi_sim_biv_a_mi_100375.csv,only_in_old_folder,NA,NA,NA
mi_sim_biv_a_mi_100376.csv,only_in_old_folder,NA,NA,NA
mi_sim_biv_a_mi_100377.csv,only_in_old_folder,NA,NA,NA
mi_sim_biv_a_mi_100378.csv,only_in_old_folder,NA,NA,NA
mi_sim_biv_a_mi_100379.csv,only_in_old_folder,NA,NA,NA
mi_sim_biv_a_mi_100380.csv,only_in_old_folder,NA,NA,NA
mi_sim_biv_a_mi_100381.csv,only_in_old_folder,NA,NA,NA
mi_sim_biv_a_mi_100382.csv,only_in_old_folder,NA,NA,NA
mi_sim_biv_a_mi_100383.csv,only_in_old_folder,NA,NA,NA
mi_sim_biv_a_mi_100384.csv,only_in_old_folder,NA,NA,NA
mi_sim_biv_a_mi_100385.csv,only_in_old_folder,NA,NA,NA
mi_sim_biv_a_mi_100386.csv,only_in_old_folder,NA,NA,NA
mi_sim_biv_a_mi_100387.csv,only_in_old_folder,NA,NA,NA
mi_sim_biv_a_mi_100388.csv,only_in_old_folder,NA,NA,NA
mi_sim_biv_a_mi_100389.csv,only_in_old_folder,NA,NA,NA
mi_sim_biv_a_mi_100390.csv,only_in_old_folder,NA,NA,NA
mi_sim_biv_a_mi_100391.csv,only_in_old_folder,NA,NA,NA
mi_sim_biv_a_mi_100392.csv,only_in_old_folder,NA,NA,NA
mi_sim_biv_a_mi_100393.csv,only_in_old_folder,NA,NA,NA
mi_sim_biv_a_mi_100394.csv,only_in_old_folder,NA,NA,NA
mi_sim_biv_a_mi_100395.csv,only_in_old_folder,NA,NA,NA
mi_sim_biv_a_mi_100396.csv,only_in_old_folder,NA,NA,NA
mi_sim_biv_a_mi_100397.csv,only_in_old_folder,NA,NA,NA
mi_sim_biv_a_mi_100398.csv,only_in_old_folder,NA,NA,NA
mi_sim_biv_a_mi_100399.csv,only_in_old_folder,NA,NA,NA
mi_sim_biv_a_mi_100400.csv,only_in_old_folder,NA,NA,NA
